load_32_ph_1,load_29_ph_3,load_1_ph_1,load_54_ph_1,load_2_ph_3,load_41_ph_3,load_51_ph_3,load_53_ph_2,load_27_ph_1,load_42_ph_2,load_33_ph_1,load_28_ph_3,load_50_ph_2,load_52_ph_1,load_26_ph_1,load_10_ph_3,load_24_ph_3,load_25_ph_3,load_23_ph_2,load_49_ph_3,load_5_ph_3,load_31_ph_1,load_43_ph_2,load_39_ph_1,load_34_ph_2,load_44_ph_2,load_55_ph_3,load_17_ph_2,load_37_ph_1,load_47_ph_1,load_9_ph_1,load_12_ph_1,load_20_ph_1,load_6_ph_3,load_14_ph_2,load_7_ph_1,load_8_ph_1,load_19_ph_3,load_4_ph_3,load_22_ph_2,load_11_ph_2,load_35_ph_1,load_13_ph_2,load_15_ph_1,load_16_ph_1,load_40_ph_2,load_21_ph_3,load_38_ph_1,load_46_ph_2,load_45_ph_2,load_36_ph_2,load_48_ph_1,load_18_ph_2,load_30_ph_2,load_3_ph_2,scenario_id,time_step
0.9234101696691184,1.0039151642375683,0.9249924664992485,0.9566194250208603,1.0127373780364721,1.0041451612056185,1.0073749190228893,0.9754776962043787,0.9246557903792852,0.9635021253965488,0.9451896211464379,1.0100656990005994,0.9756807125749445,0.9660294813143584,0.9259601845146942,1.0109639017281327,1.0064753134112416,1.0049615190781647,0.9800211713126746,1.010141320791126,1.0056924407765002,0.927238105344258,0.9661661864862545,0.9539648666418434,0.9844181902070664,0.9639968516559222,1.0034648252730654,0.9684006307105724,0.9249882032416061,0.9248097572224357,0.9848852135377885,0.9252186503582855,0.9232442146803508,1.0036421889880807,0.984480780235295,0.9179441314741565,0.9368983771950564,1.0053777218197297,1.0096704000838947,0.9840096325838905,0.9883026808541823,0.9266434320957134,0.9758205804351997,0.9857184013540402,0.9245796508104385,0.9532777631397134,1.01080771346785,0.9637065444458913,0.9665269689364144,0.9603158888270337,0.9738263804428666,0.9389721309724505,0.978370100125843,0.9637118290465643,0.9895558496473095,1.0,17445.0
0.9176511788096936,1.0071161482688757,0.9243360086379806,0.9562169960367145,1.019406470820977,1.0072212865742638,1.0115034590108434,0.9708941833079304,0.9244230990166272,0.9672421363059811,0.9443292924094138,1.01354406623563,0.9656511477630361,0.9656535102981937,0.9228694600951628,1.0142444944408795,1.0098847841075986,1.0084619388743612,0.9780587970589597,1.0134394130286537,1.008312050551822,0.9258494173240982,0.9657880831803697,0.9536077881992339,0.9810053757801906,0.9685715823270179,1.0066303996340984,0.9675619568769751,0.921904537443803,0.9161938019742621,0.9847363742057502,0.9247736160939878,0.9248933505182105,1.0070748420354307,0.9815069792869366,0.9213337938315862,0.9356394325032343,1.0079980686822125,1.0126243225169003,0.9816413652700381,0.9872446237373369,0.9257380481821352,0.9663254643383589,0.9855584955131291,0.9245973000800485,0.9597902541670074,1.0136309414253304,0.9634557168157158,0.9652404837413577,0.9642084233582602,0.9616085328981525,0.937997346950614,0.9764354879307094,0.9684704976354952,0.9884580252577679,1.0,17448.0
0.9276405934663222,1.0046274498063223,0.9320758061375796,0.9597615652764747,1.013348113225942,1.0054221178419769,1.0083574216600966,0.9684466969504373,0.9319229794500462,0.957348154106455,0.9499153864681448,1.0116923024854514,0.9671131305468728,0.9683094366214372,0.9304114832795471,1.012922552938313,1.0075228459928134,1.0059454883913885,0.9758896890469463,1.0121090402976811,1.0064929608454734,0.9313283895281372,0.9600293982486877,0.9573389060099675,0.980639723755719,0.957555994499862,1.0048218194977645,0.9621363421035944,0.9294437945028367,0.9291944971444309,0.9858009142588953,0.9323158293779829,0.932846334550794,1.004676821058987,0.980705806569166,0.9221177834918729,0.9439233842256441,1.0061769596559886,1.0120219390850922,0.9803044307464953,0.9864449104417091,0.9307445055361732,0.9673376474129156,0.9866313961679978,0.932565210408972,0.9470803379854228,1.0130291781186254,0.9660210857247952,0.9601849260656619,0.9541630495560283,0.9658008330854994,0.9448450726535135,0.9742211114834386,0.9574440420637311,0.9876119765520457,1.0,17446.0
0.9310956352160438,1.005068688480253,0.9360911909551206,0.9617167000496937,1.0111662538994837,1.004952205489214,1.0079912127991035,0.9727608744766301,0.9356289247213077,0.9603691865055425,0.9524143745579642,1.0127816588800926,0.9734633013614488,0.9697532940081451,0.9337477272365078,1.0142991093867464,1.007907305525033,1.0059019569405263,0.9788607737250475,1.013531610038623,1.0060575573146606,0.9355933785452015,0.9618305519354453,0.9589146986434457,0.983262583934493,0.9607223822216311,1.0043515389387028,0.9646034842784907,0.9328493997990939,0.9325603108458136,0.9864610562046382,0.9361924988329664,0.9365398980682489,1.0054584958870427,0.9830631017017655,0.9308735037522674,0.94655371579675,1.0057528624619216,1.0133956853274013,0.9827254376807626,0.9878179235129959,0.9349502893043548,0.9738278691843572,0.9871983149223645,0.9362308867312439,0.9497292487446457,1.0144768738322318,0.967162364578281,0.9627862516718252,0.9571753944015732,0.9745077960508547,0.947503394993548,0.9773304090442159,0.9604366296043138,0.9892308669557041,1.0,17444.0
0.9295085185763002,1.01088189877801,0.9339030351098012,0.9611549378339482,1.0228249161690226,1.0090358059630946,1.0148670415440897,0.9587417635608256,0.933317757597706,0.9500668877242473,0.9511821225733216,1.018272419894965,0.949393687410966,0.9692047938869547,0.9314152238218011,1.019638063782482,1.0136709465668645,1.0115170335735864,0.9704079520430219,1.0189541581457184,1.0095674888924726,0.9338832102585742,0.9512066171570527,0.9581665777670269,0.9758738195293157,0.9505511489353348,1.0083123877162763,0.9537429035501187,0.928983240902128,0.9309670116834234,0.9864215807760677,0.9338894205559313,0.9341640837862826,1.011249149083819,0.9756798712351215,0.9291158025881197,0.9450815394482449,1.0092654739672677,1.018783892592489,0.9754350827877222,0.9840126997439126,0.9332631860843882,0.951802144929804,0.9871474220494186,0.9338677188391141,0.9393746909264057,1.0196967543104354,0.9664758143238704,0.9518447680758789,0.9468313829025874,0.9479453424150682,0.9460305341258498,0.9687936233495352,0.9504395240597417,0.9854358750874237,1.0,17443.0
0.93362563582929,0.9991946859310951,0.9357290872523145,0.9617281596830659,1.0057613792902507,1.0019230014048417,1.0019633080852184,0.9749451500358867,0.9370572745539892,0.965609312881944,0.953757340390736,1.0047013583986637,0.9767510556374751,0.970677182926043,0.9360395970198855,1.0056508859225735,1.0005088545876442,1.0003433600752847,0.9793351399040776,1.0046838381283947,1.0040409577758134,0.9372980625997048,0.9667192772203245,0.9595800227747261,0.9804694739512871,0.9660911074904647,1.0012534723768993,0.9686781486583084,0.9350356083877105,0.9347488742906134,0.9864413898432312,0.9369380429695564,0.9376223259849419,0.9931899564828093,0.9814440787814543,0.9293277890288992,0.948115686219254,1.0037189776643798,1.0052456828738667,0.9823831851883483,0.9852773476837233,0.937141588616252,0.9759641518000887,0.987368129923365,0.9376379084172753,0.9594818876051197,1.0059044093912124,0.9691974990918835,0.9665559408731955,0.9627010529141506,0.9754472145741275,0.9490697348097584,0.9777858661249991,0.9658071199462213,0.9883985976570518,1.0,23015.0
0.9361850032333666,0.9974452670115191,0.9388528537732916,0.9622267311537089,1.002389401520191,1.001451050019337,1.000537073528404,0.9784444855729223,0.9398712913421962,0.967885439676869,0.9551554172407143,1.0030370061067082,0.9808024063931069,0.9706600766553449,0.9390328631943161,1.0038615466371383,0.9995759967405818,0.9993055653348715,0.9814199484963426,1.0031762445052443,1.003550779941602,0.9397952533852862,0.969564682001753,0.9608796902297561,0.983275299145338,0.96795371181753,1.0007756545459114,0.971660239018992,0.9386031669376117,0.9375464734122939,0.9864970311115431,0.9398040135727984,0.9405972240584713,0.9942743429031019,0.9817498760170031,0.9315263780765043,0.9497202693233184,1.0032280315125939,1.0028443503714772,0.9843358867206602,0.9854050656489859,0.9397096487160286,0.980762003402123,0.9873214294425765,0.940295617583651,0.9621118054939218,1.0038092107193821,0.9680687378270209,0.9706205806871552,0.9651359930244546,0.9817751669692006,0.9506594183862389,0.9800987643099941,0.9676497279577357,0.9896491913157099,1.0,17350.0
0.9330228312561135,1.0073702590679094,0.9344538076770931,0.9612530169617576,1.017139421774096,1.00693088122045,1.0112830105096144,0.9608248581161712,0.9336556347272542,0.9504982924152905,0.95200332183035,1.0137117578601749,0.9594325150666435,0.9693865195618824,0.9352653133327524,1.0149957626408872,1.0100785301014688,1.0083693381400023,0.9726522667678117,1.0143456367033845,1.0076201729565533,0.9369466181065119,0.9530647163964372,0.9584260539372352,0.9783015914435071,0.951252330231907,1.0063188360083288,0.9560529951270962,0.9337348458902041,0.9344888061459196,0.9863322158423973,0.9342596088359897,0.9344637657870442,1.0076453922125426,0.9781129351416618,0.9320342181595163,0.9459593020467495,1.0073138413638414,1.0131949181780375,0.9777232372657229,0.9853053293005313,0.9366722595691576,0.9610586214470029,0.9870731004176199,0.9341782495569985,0.9402730535803675,1.0129954401039882,0.9666700474503191,0.9543204652418,0.9472235633793042,0.9599042776597868,0.9469571913688728,0.9710986348926326,0.9511409246352164,0.9866527111633863,1.0,17442.0
0.9148389207622938,1.0006799815154503,0.9225019441461842,0.9569335260738412,1.0095150793974494,1.003564783884285,1.005529601038106,0.9816753805561984,0.9280153387316683,0.9776241484351589,0.9449782689237384,1.0083038515926457,0.9811223061727042,0.9664636670317963,0.9217560075602181,1.0090231810048544,1.0051460949276123,1.0032855196203156,0.9852112950990805,1.008245039930431,1.0047566495626925,0.9246758776747932,0.9770573604743296,0.9544640239596631,0.9886437001831835,0.9795537803234627,1.0029944157230233,0.9781664924015671,0.9210133142373793,0.9140590672889686,0.9852348890787453,0.9280211288463208,0.9286271228699563,1.002660900773986,0.9885381048288693,0.917122998019951,0.938210306051446,1.004570856333537,1.007669599630408,0.9888064767344521,0.9911410772297945,0.9245048119071644,0.980983511664935,0.9859238226087689,0.9284570949748904,0.9706805884858146,1.0086190474129721,0.9647866583853915,0.9757939601720879,0.9748784505230381,0.9792468661460014,0.9396872983996991,0.9839452296743703,0.9793048544432045,0.9921620995884161,1.0,17542.0
0.9256900200281305,1.0084066896364745,0.9305184334420703,0.9590638143404202,1.0154491451755916,1.0075336010318956,1.011524108423388,0.9655811131028648,0.9298844644192598,0.958437889177741,0.9481436706117288,1.0154293638953131,0.9679142540948636,0.9677405823732842,0.9280814867867985,1.0168312557289456,1.0109454291881312,1.0088753832212525,0.9769306189552843,1.0164561762188584,1.007913193603317,0.9296002781095447,0.9604935127233339,0.9558691086173864,0.9817461872284867,0.9590704126244758,1.006845436175669,0.9629170681201379,0.9267208421994689,0.9270098750862908,0.9855654678974506,0.9304609420219141,0.9307327942768252,1.0085171029096704,0.9815610425371075,0.9220556816210712,0.9417259395621369,1.0076080045180507,1.0159219289941577,0.9812789228086352,0.9873186239164768,0.9293122355467828,0.9691441577327113,0.9863102830597452,0.9304576160664809,0.9484275973067801,1.0168015386897593,0.9650946636684468,0.9610292372351957,0.955177234637827,0.9701067779799689,0.9427291306514131,0.9753837822503427,0.9589577887074375,0.9885235276607781,1.0,17441.0
0.9302392621748354,1.0005147748844256,0.9340219255737883,0.9607504160202549,1.0070971313306802,1.0030135332302303,1.0040199694112018,0.9758582525881911,0.9345434834882578,0.9662799561957216,0.951590276257209,1.0069822132181396,0.9765487480677842,0.9694125233884818,0.9341598311445564,1.0076959390227291,1.003300136575956,1.0021874623229998,0.9803091270957988,1.0068789539401568,1.0044117762410423,0.9361677959676697,0.9673683008752831,0.9586816038759558,0.9834929588065967,0.9675053764628181,1.0024232971936178,0.9693337692188516,0.9332039275081252,0.9299957879619756,0.9862136650148242,0.9349128785752405,0.935628984735327,1.000447675773635,0.9839363293447865,0.9317010723563148,0.9442477780974803,1.0040944899067985,1.0062473679680406,0.9839153143560387,0.9883995006031567,0.9360360453227776,0.976458955153755,0.9870385603470956,0.9353866151056216,0.9602930971942703,1.0072634187298655,0.9671862069442388,0.9671626512924084,0.963159755999113,0.9768460514613821,0.9462503802926119,0.9786858062330966,0.967390595624004,0.98958764367204,1.0,17447.0
0.924800324766216,1.0015558618605322,0.9321022295913995,0.958155733828622,1.0063822357660874,1.0032165222398155,1.0037820975250256,0.9841665224717092,0.9321475924322077,0.9761899805380985,0.9479232357178148,1.0076541634580922,0.9860345779773952,0.9673475894121588,0.9270938249583645,1.0085750334917327,1.0039240075158113,1.0023595419270415,0.9861783178750825,1.0080287153870593,1.004149249520943,0.9276512737513813,0.9728945601531598,0.956291272753326,0.9898301025983096,0.976026192203627,1.0024762210088753,0.9789062717726079,0.926078345119508,0.9261399876335011,0.985622576072292,0.9326359339200823,0.933564923266789,1.000935797712748,0.9897247681112065,0.9176916709707236,0.9409127243122732,1.0038256002253307,1.0077731314054819,0.9896446397133201,0.9915682842777109,0.9274953414676221,0.9857877647600514,0.9862086553266951,0.9332321221908754,0.9731651380638118,1.008692646549462,0.9650582785154288,0.9782788995498913,0.9734261566737417,0.987022446978308,0.9428371140043251,0.9848309467382074,0.9758570507028034,0.9928403073038994,1.0,20806.0
0.9360824171557427,1.0061319896730794,0.9389622542471923,0.9634852024037065,1.0113085411136378,1.0063315602775693,1.0085438449865114,0.96953895009622,0.9402328409004757,0.9571130676316126,0.9556146372026344,1.0128310423772715,0.9716356444669134,0.9722713730189054,0.9386992838952606,1.0140344774100734,1.0086539219476713,1.0069808678786347,0.9744572674090325,1.0131290032434686,1.0079470363390606,0.9402082973369222,0.959178310977096,0.9614265466253129,0.9758677144675948,0.9576825727782846,1.0056690186713264,0.961787304199764,0.937966767467541,0.9372968686233475,0.9877452915499466,0.9405362842865802,0.9407958706349522,1.006017031148119,0.9772006102243772,0.9353665543123185,0.9498689433125775,1.0077549011769829,1.0146371528770428,0.9785300726284027,0.9856326652145446,0.9395097684914856,0.9706796237166244,0.988336169373962,0.9404617776354333,0.9522584690902914,1.0150858215898493,0.9703893376008568,0.9599400479401339,0.9526862488516585,0.970869384985361,0.9509166067922519,0.9726666373223558,0.9572457455264722,0.9862264261485845,1.0,23010.0
0.9277814577276372,1.0039677710225525,0.9346745612408928,0.960531263250065,1.0090683638048137,1.0042930653658515,1.0062681573063275,0.9813346270730141,0.9366327048142146,0.9764328177484548,0.9508065523677164,1.0097648356868987,0.9810887484142127,0.9695718105659268,0.9299820242551787,1.010735941177942,1.0063131663881546,1.0046844887468704,0.9850103925457314,1.0101863649576817,1.0052940287024987,0.9312829432126356,0.9770094771381925,0.9576567033022729,0.9885504166194932,0.9768301224259457,1.0036440461115042,0.9781900958971959,0.9290668851524356,0.9289650702179127,0.9859004005942301,0.9363838232685358,0.936789291258869,1.003863881329809,0.9884877996451163,0.9228814929845004,0.9451101953593543,1.0049850365620354,1.0102719514060552,0.988207255281284,0.9912574212306738,0.9309682934898224,0.9818038125779499,0.9841549618698929,0.9365680861146856,0.9703777245995331,1.0107864811307754,0.9684108956085699,0.9760228463385955,0.9737000135685503,0.9827471650093969,0.9460079016642455,0.9835221161759007,0.9765572266001202,0.9925807021325975,1.0,23105.0
0.9299996888742653,1.0044491320769309,0.9376050158957353,0.9615807012217156,1.0093577481265983,1.0050173853749587,1.0066303700158068,0.9766243389960593,0.9381699256275908,0.9692042576682001,0.953233507456992,1.0103819181069003,0.9779948717264111,0.9705631702777356,0.9328953268068155,1.0114688941881758,1.0066100867350307,1.0048857507849618,0.9800628262657737,1.010885886726722,1.0063139057185673,0.9363329406993889,0.9686208030981343,0.9602831339736156,0.9833628343320182,0.9698746332887892,1.0045228325924265,0.970824079248321,0.9315252069916065,0.9299522855669013,0.9859816891686934,0.9386703122442522,0.9392207770408622,1.0028504914930974,0.983389528822301,0.9316945456156015,0.9476550634966923,1.005969339533234,1.011049630267399,0.9838301207900801,0.9853659925630918,0.9361559086618891,0.9771774868183428,0.9843540675737164,0.939126190926354,0.9639235600417423,1.0116508461523628,0.9691543326865354,0.9698617938008928,0.9664146131787994,0.9775336081765594,0.9486109546068013,0.9787271428261768,0.9698044185603273,0.9888207850219911,1.0,23685.0
0.9307871460809668,1.005795324817487,0.9329332140395394,0.9600794298617732,1.011619878684987,1.005591646471827,1.0087840245690696,0.9694893877412686,0.9327366203483234,0.9591626632731379,0.9491934702619118,1.0130127231481019,0.973716580355304,0.9686663476979902,0.9331292241439798,1.014224778967194,1.0085280572259698,1.0065964347871315,0.9793440890450625,1.0130418606580756,1.006622510123924,0.9347028101372724,0.961724444447995,0.9574879543927312,0.9833675589131108,0.9598905247985481,1.0050354142194433,0.9653422709238172,0.9317686469231201,0.932234378227497,0.9860809567897962,0.9330151345141693,0.9316323120377711,1.0061960005738955,0.9832316794571598,0.9302277718838586,0.9424663357033152,1.0063454449567435,1.0138280348799498,0.9830247669150173,0.9882647644879654,0.9345298899430091,0.974319864826922,0.9867797285671858,0.9325364085618071,0.949249621956123,1.014720089077259,0.9663414375975371,0.9630541499052678,0.9557537635367281,0.9748839153773956,0.9445301892798083,0.9781853922692996,0.9597571364320484,0.9893498851879957,1.0,17440.0
0.9268580473567212,1.0004670212949718,0.9340664510675483,0.9623003704397698,1.0064259283362016,0.9982883697950914,1.0031008067384664,0.9781261092902545,0.9367189096559696,0.9722012960517903,0.9506587542244236,1.0064671073169167,0.9786867464216176,0.9708023237117989,0.9310758750568975,1.0073060251076003,1.0030666784184954,1.0013174873810007,0.9799981892276949,1.0066234674503052,1.0026846420472897,0.9333682559672564,0.9722540582309929,0.9598782963289729,0.9855538613107868,0.9735912689819022,0.9993334578342291,0.9736220847036253,0.9303675499965446,0.9251201325567964,0.98729076962009,0.93693090960196,0.9369873761152941,1.0008577209314633,0.9853354480734613,0.927077105778762,0.9455247907775453,1.0024912047470447,1.0067466431579486,0.9853796759518402,0.9897009650986145,0.9330947140684368,0.9784981257691308,0.9877764979965833,0.9366875803611316,0.9656049429367491,1.0071290903064283,0.9690238436895512,0.9713056194836429,0.9694117705606159,0.9778142745526125,0.9470508540240904,0.9768532784241964,0.973225300600182,0.9906302213938791,1.0,17539.0
0.9344073789767716,1.0035779777788016,0.9344380536708518,0.963361677060194,1.0111226152975388,1.003875332919967,1.0064200183880903,0.9740848055891611,0.9357932099330338,0.9640203882933316,0.9538823856419147,1.0094797330627485,0.9745457040958544,0.9718283582829013,0.9366109335720679,1.0104851033420446,1.0055198754191987,1.0043574982974557,0.9792098210670696,1.009720692197769,1.0048280308556918,0.9381741203906743,0.9651949930413837,0.9605378377865773,0.9835701357518217,0.9645155052907327,1.00322483277224,0.9674126093171478,0.9356943980296711,0.935572256056748,0.9870853078044587,0.9353881668536587,0.9333801487655397,0.9999485892956366,0.9834985674718503,0.9327843775662935,0.9478122096363304,1.0045163657141656,1.0100383053274191,0.9832587797847399,0.9886424673092731,0.9378694541688638,0.9750244175661488,0.9859427999929349,0.9346498932159019,0.9582562071520488,1.010524080542638,0.9707652632285604,0.9653264555914205,0.9611154251066704,0.9737042974298168,0.9487037181576107,0.9777527918140233,0.9642338194980161,0.9900893989850684,1.0,23106.0
0.9331880054736023,1.0019186681636383,0.9379540991075973,0.9622693107030628,1.0067305650026113,1.0035957798847543,1.0042722616742952,0.9791405088352995,0.93906053130339,0.9708845184761413,0.9536189719529081,1.0072828267742784,0.9807626858085355,0.9707676545049826,0.9347251627687885,1.0079689550360622,1.0040692310660173,1.0030029462462704,0.9822869551976765,1.0066901203393934,1.0048246167300794,0.9364933611585446,0.9720936990510138,0.9596646650913989,0.9857366761118489,0.9712303752003464,1.0031671413258099,0.974058311784942,0.9326187583366495,0.9345166058655952,0.9871361457216463,0.9397293051418385,0.9395317648466113,1.001501106375608,0.9857885380154465,0.9288179231802497,0.9479390218559518,1.0046407205355419,1.0077359759433082,0.9858583074008059,0.9871184195341565,0.9358916118312393,0.9799538643788384,0.9877816609562599,0.9392376806028098,0.9656015487798446,1.0083584845394942,0.9687500296026735,0.9718378820703567,0.9677896254477386,0.9800244554554738,0.9489668970373071,0.9809110104523837,0.9706396601262048,0.9902021299957028,1.0,23006.0
0.9282990065928255,1.0042136702430449,0.9338693509730833,0.9604759136048867,1.0079552562268241,1.0049753099496572,1.0065624059461147,0.9803046081439013,0.9335827641286976,0.9687644530283849,0.949341273193047,1.0106398702567323,0.9848551005257601,0.9698755632111836,0.9309473492993471,1.0118827383783744,1.0069768316996268,1.005471391075819,0.9828134219737152,1.0111490175412272,1.0063207290440916,0.9325645419606418,0.972947202370613,0.9585196674474973,0.9860739080706586,0.9710988327525201,1.0044649675461654,0.9749582787799365,0.9299720250245189,0.9295690600685643,0.9865522457524403,0.934866848946452,0.9355908855504717,1.0046870989440233,0.9859907814975298,0.9249589846055656,0.9447526655826015,1.0061359338469367,1.0116206623528348,0.9860285774493897,0.9868786552485797,0.9318977738668911,0.9838293863256714,0.9871028209000356,0.9353798983749516,0.9664398539083147,1.0125737323647213,0.9684580610670844,0.9734818988822326,0.968089219313263,0.98515182005615,0.9455850805866701,0.9812628946212497,0.9712655859139465,0.9895398362159901,1.0,20902.0
0.9297985258517786,1.0029316407819284,0.9353328467719834,0.9641702113206715,1.012618080989748,1.002383800088075,1.0062602652764192,0.9727760790046874,0.9352828843662929,0.9659917438839849,0.9524458597512577,1.0091937546829188,0.9688083069510123,0.9710699344938774,0.9320198016988673,1.010359259579548,1.0053320358457307,1.004016062298428,0.9791348105030433,1.0097953326007993,1.0008791415969656,0.9330923539502893,0.9674746530719098,0.9604830165192466,0.9827845427816757,0.9661136594432299,1.0017893591023677,0.9693147374636607,0.9306199646996035,0.9310387561097047,0.9875151631014295,0.9360880908195748,0.9362439555005974,1.0030083288190659,0.9825863370890103,0.9233357020898172,0.9464668718455159,0.9955190457744989,1.0102587202967868,0.9833549229509321,0.988691746986517,0.9327933362018436,0.968781559129412,0.9879146399845601,0.935967597242509,0.9607924192739272,1.010870523311085,0.9691575805080951,0.9671000891234559,0.9630146337216473,0.9648470255420384,0.9473340176902127,0.9778574786117756,0.9658534150599691,0.9896435292181655,1.0,17828.0
0.9387024080261197,1.00172900439614,0.9420153219872869,0.9648330530858037,1.0055362201112945,1.0035032506770616,1.004474849132563,0.9789546377939201,0.9420643552755901,0.9690753883498392,0.9572717147018837,1.0081233216891028,0.9837044793599984,0.9730593768713062,0.941398243482185,1.0088247477269132,1.0048686438773198,1.0033650654336455,0.9812455988292803,1.0076772464739576,1.0053647972214383,0.9424247796302059,0.9696608436124567,0.9625248029408721,0.9847469402641723,0.9695771171520242,1.0030984444824667,0.9723223554853503,0.940855107910391,0.9403707110688946,0.9881944627137808,0.9427090550283275,0.9428554422392905,1.0024925463317158,0.984837752329744,0.9371693342452159,0.9520925801784655,1.0051008594288133,1.008020187292712,0.979550543809132,0.9876802195096511,0.9421717239421668,0.9826598648718626,0.9887652921387732,0.9425253745563935,0.963562996783225,1.0086900038703899,0.9713976801612668,0.9700129453388927,0.9666168241083187,0.9840701277386826,0.9530124148341285,0.9798317091113541,0.9691915764350312,0.989898453746853,1.0,23097.0
0.9439007647675101,0.9946667119993722,0.9462465275114874,0.9679210056317307,1.0037789916301567,0.9987539674885284,0.9989587041667731,0.9759792251959932,0.9451543429352717,0.9687664664682899,0.9613240740867072,1.000141421779157,0.9745771514862843,0.975056774885672,0.9460165005414665,1.0005480543478682,0.9964539361510226,0.9970809864712864,0.9816990145193266,0.9997697762293813,1.0004448215496358,0.9482607206328306,0.9687704314815361,0.9669080254654975,0.985702375683323,0.9696370705521024,0.998320901421733,0.9714526895081653,0.9430525518504563,0.9455435164299045,0.9886345843941104,0.9452852993405871,0.9449689217465874,0.9900482540353575,0.9856312658514872,0.9432915157805423,0.9559954156058242,1.0001897061351002,0.9992897846915788,0.9856213562111521,0.989862938418859,0.9479824702812274,0.975257407474287,0.9894355736305811,0.9449144922800794,0.9636255574762904,1.0002298936200071,0.9731587235818144,0.9689197386814636,0.965813577223676,0.9733939330220907,0.9569338582281922,0.9805807973751492,0.9693480900139116,0.99092609454043,1.0,17430.0
0.9355041077479287,1.008233959417315,0.9390473179578408,0.9633586167594446,1.0161012802559448,1.007553573920808,1.01135845981299,0.9627035852779939,0.9387892645004853,0.9487688501422663,0.9532139968950294,1.015838801662408,0.9609341272217581,0.9711852244738685,0.9378755804992714,1.0173389351312192,1.0109461880961979,1.0088897815923652,0.973132675705447,1.0161994921588429,1.0080121730283673,0.9400459973565035,0.951331700653458,0.9610581530313356,0.9785293532267773,0.9497887142693111,1.0070094169367088,0.9552453350350264,0.9365297893700859,0.9369494887266286,0.9872069690810452,0.9390478190556252,0.9391548362892829,1.008356122939146,0.9784726907330252,0.9355499101139859,0.949239365672677,1.0077357612771347,1.0168084169342242,0.9779098191683885,0.9854171074570214,0.9398502704151975,0.9615211568077816,0.9879427014662938,0.9389007155280104,0.9359850730044241,1.0177122039956665,0.9689751502847964,0.9530285141430447,0.9453554582468934,0.9601634623830221,0.9501691537588411,0.9719082660445122,0.9495157168760828,0.9865094834055664,1.0,17439.0
0.925685978366843,1.0009342796157865,0.9274732618265786,0.9592181395153626,1.0045648696392402,1.0013650962050114,1.0033436772280815,0.9842625349137477,0.9332404099588759,0.9751540601531364,0.9476699217576967,1.0072078967797387,0.9890553476138915,0.9682950655974905,0.9302039508852566,1.008102659619131,1.0037036555655117,1.0018858283219263,0.9850080678571772,1.0073360311833424,1.0041056588158188,0.9333224850227463,0.9749442507567447,0.9573162617193067,0.9867341658572201,0.9768246454541374,0.9997472043064486,0.9768544377031431,0.929450840837071,0.9239822407653753,0.9860977444535516,0.9332942719785028,0.9338682838904374,1.0016436847519994,0.9874880452282505,0.929124835854179,0.941599175696839,1.0039179771747748,1.0072475812539128,0.9885213923804205,0.9908936975490013,0.9331421873220705,0.9881361125261301,0.9867349167319853,0.9338796480349494,0.965569601232082,1.0078335683373691,0.9666146858827933,0.9746781096775997,0.9723811307977488,0.9894722741006211,0.9437107898295352,0.9836775175424645,0.9765682090861174,0.9919104824110874,1.0,17541.0
0.9220004182049824,0.9970240300065896,0.928581076664629,0.9588863931863857,1.0029504234652673,1.0014633201956544,1.0014182351387835,0.9843233529188764,0.9343785431939489,0.9790667090224173,0.9497429693990141,1.0045509161881785,0.9879842637753163,0.9687188293400794,0.9284674452971892,1.0051205981539588,1.0013477927139165,1.0002690097405613,0.9858502066204266,1.004333234992296,1.0038601371327005,0.9314698629139446,0.977666976311599,0.9575014335242925,0.9857756620405151,0.9808176543549257,1.0008991983013913,0.9789247469623432,0.9277160224829234,0.921201612178846,0.9857781971463762,0.9340804812304658,0.9349870216464892,0.9988301913703368,0.9871403088437299,0.9263191228469899,0.9439261312529839,1.0036740340950598,1.0033802831225822,0.9886787808231854,0.9911578799632978,0.9313294618653957,0.9873169017915585,0.9866215116998915,0.9348839453176143,0.9714128382678755,1.0043454145887807,0.9670425923046686,0.9765615512073264,0.9763882776935169,0.9880998208992928,0.9448628933732199,0.9844062959721216,0.9805708619433278,0.9921713255560197,1.0,17543.0
0.9226266372245172,0.9995395861791664,0.9244511992594816,0.9547321317732641,1.003932046283233,1.0029276285849564,1.0022632671742233,0.9887266937661824,0.9232209915274858,0.9786045596064533,0.943699635829813,1.0052051737738035,0.992129166761081,0.9641177795218271,0.9253672245645138,1.0059160809864969,1.002084370121066,1.0011295093865928,0.9868948666780184,1.0052177480821827,1.0052001297140591,0.9257149285789619,0.9799987886645556,0.9523639912304072,0.9874926048414316,0.978606393688925,1.0022540093077685,0.981835355417082,0.924922976150954,0.9239942479624503,0.9840813716610373,0.9247418776406766,0.9253852187592893,0.999058386168108,0.9861405977378236,0.9169891751231839,0.934575947248681,1.0048784622165994,1.0048115788627396,0.9837690592123925,0.9908758062409389,0.9256347086541133,0.9916210463737912,0.9849094149924653,0.9256179593206082,0.97491896293527,1.0057687806902633,0.9615170045145878,0.9808256813019072,0.9758916780309725,0.9930719227653135,0.937586393645997,0.9854007590167502,0.9783109463824293,0.9921074168429235,1.0,17351.0
0.9357038918310197,1.0106189595101607,0.9378573295480278,0.962061899275465,1.0192531089431895,1.0106565602503488,1.0137570307733454,0.9628168130262243,0.9382052114913196,0.9537248694747508,0.9539842237087054,1.01702914564054,0.9585714248717799,0.9703427262163247,0.9377836270576997,1.018074574326348,1.013294916837752,1.0115210838838609,0.9700343725525729,1.0175143038826406,1.0103960750458751,0.9394618287406065,0.9554485741358597,0.9594644868651399,0.976787945940222,0.9540257930708241,1.0102507017522258,0.9574612118217267,0.9371225197822596,0.9371189128607732,0.9870630255595512,0.9390883889488616,0.9391009656684193,1.0110882037733422,0.9765858840601103,0.9345252536122771,0.948535959516084,1.0102053709004206,1.0181162342524979,0.9765946727663556,0.9850719950233033,0.9387930999555606,0.9592788646144816,0.9876362474262748,0.9388528858261738,0.948173835784778,1.0185332815476007,0.9683584438784191,0.955297248851521,0.9508468699277297,0.956585437096192,0.9494826022187755,0.9644892979403443,0.9535897779360312,0.9860461665980508,1.0,17537.0
0.9406632934105708,1.0022219584197325,0.9437032827113802,0.9667985833886473,0.9994269683073561,1.0032355550507606,1.0037399603970742,0.9714598359093399,0.94637053324835,0.9587803874791165,0.9592197534760374,1.0087793232260238,0.9743424545142699,0.9752329212452151,0.9428719229071924,1.0103354192200424,1.005039893559831,1.0030173610422697,0.9776407355774813,1.0095427790479066,1.0043901704972817,0.9442749569842912,0.9568723521581677,0.9644159331775003,0.9813146707193835,0.9586891707224694,1.0026531711049569,0.9627963133647737,0.9421004835741817,0.941801234457593,0.9886901850558742,0.9456087374408598,0.9454582973604942,1.002098918764488,0.9813793391409836,0.9391554376751906,0.9542756741758914,1.0040673004550067,1.0100637361175886,0.9813231644541655,0.9866068926173415,0.943656519297812,0.9742313773630285,0.9893493265802729,0.9466889558431242,0.9505513746747344,1.0107208840731516,0.9742528803052459,0.9608004394186007,0.9568103663534698,0.9748405508947416,0.955146134570867,0.9761490512953411,0.9585856085212022,0.9880725641507354,1.0,23109.0
0.9202781306528733,1.0038021454976067,0.9333497050722452,0.959108729059912,1.0094524988533007,1.0046013585046507,1.006314583745199,0.9774940873047229,0.9332207948911915,0.9709562159283834,0.9491610934364868,1.010697674556572,0.9777804217442548,0.9688260305894082,0.9239156514579786,1.0123252870207295,1.005705287539467,1.004474732242088,0.9813191263234671,1.0117913552500089,1.0058797401740216,0.9286957158083068,0.9707317416242331,0.9571825116950492,0.9837675634567719,0.9720733972998747,1.0042127068227256,0.972778262719633,0.9212770020816038,0.9200786099856539,0.986475991418985,0.9337220425998414,0.9341073634152183,1.0003510990289268,0.9841635864062938,0.9239332608940952,0.9431503108384304,1.0055573443399808,1.0129616129448074,0.9848180598719427,0.9892600296716765,0.9283861321764446,0.9771591186324107,0.986566791364786,0.9337222516772067,0.9656818741354894,1.0133867731658368,0.9673832110164711,0.971508992127998,0.966967829766838,0.9769858258641222,0.9440245058999254,0.9799602704687514,0.9720310204567704,0.9903051947966853,1.0,23684.0
0.9422420083824213,1.0013348203973895,0.944839788034184,0.967636006319375,1.0052319505456626,1.0022938109066786,1.0033274337111724,0.9744816258162717,0.946881882829159,0.9639665851677212,0.9604205521509788,1.0067744775747998,0.9773966990942656,0.9755256873938281,0.9444072129381729,1.0080410209876387,1.0035228793767121,1.0020953099807235,0.9794394259437678,1.0073203679455431,1.0035315817827888,0.9461397116711708,0.964133576643786,0.9652511662594198,0.9836201799587522,0.9643910717329778,1.0017487565759444,0.9670753996241308,0.9434995519597452,0.9433842588727835,0.9889943481454102,0.9464235336790437,0.9467529261226415,0.9995986645828849,0.9835424388380019,0.9408455426860395,0.9554312659177422,1.0032179509643557,1.0075731431735533,0.9833053327982965,0.9881297303002227,0.9458350622413683,0.9768329563974786,0.9894792784877373,0.9467352250079162,0.9577827428943034,1.0080305035817165,0.974415901886706,0.9650007871509958,0.9612075976579453,0.9779567084620895,0.956318037319657,0.9782231152083602,0.9641112281623266,0.989378650814047,1.0,23107.0
0.9431389345240659,1.0016147051271396,0.944055660039867,0.9674397981605872,1.0067850912143814,1.0019587453858612,1.003492600094714,0.975386657035484,0.9462731632139953,0.9684028154429203,0.9601272931915811,1.005717879633881,0.9768138786334103,0.9757136911119314,0.9448455717633595,1.0066690380626193,1.003670138549245,1.0022524890868234,0.9801270547414946,1.0058827365599803,1.0039331080105347,0.9464724906766447,0.9678077388614594,0.9653141316297381,0.9833306995433303,0.9680712781140223,1.000394173220491,0.969683115770566,0.9442660746451109,0.9441553482667607,0.9887929735029489,0.9452798715553048,0.9462155184315274,1.000345403173927,0.9832473173328456,0.941984735708114,0.955055487673926,1.0036091793712525,1.0044628910655427,0.9836323036672092,0.9858807159992593,0.945900307541183,0.976890701057013,0.9893607541392482,0.9461467262902991,0.9611387236839296,1.0054790436935694,0.9749234861667745,0.9675098542055575,0.9670836664048866,0.9757480060372615,0.9559554451618794,0.9787249820868216,0.9679629707013214,0.9891779672045495,1.0,23112.0
0.9402237347051626,1.0011780722388828,0.9425673079856477,0.9646648832015975,1.006183103456971,1.0028523548550676,1.0035195475870604,0.9755240230793132,0.9429247702681441,0.9636482760782481,0.9572206782980173,1.006862666294125,0.9770543764747941,0.9723221723727506,0.9421962589077555,1.007615946425471,1.0034169120280092,1.0020465810974044,0.9800173388905252,1.0070662407046673,1.0039378963748875,0.9432245586127942,0.9613637330471825,0.9634525552394242,0.9839657822695281,0.9642764328463336,1.002104283554183,0.9682810307720209,0.9411982803666304,0.9415358782617499,0.9876846729299967,0.943193903241912,0.9442276995098611,1.0004238109640766,0.9838508829446913,0.9359716959930464,0.9514122349827457,1.0036141763493476,1.0066107956508201,0.9840019757404622,0.9885234634949738,0.9430746481219333,0.9767725594229703,0.9883035858283126,0.9439458563327313,0.9622530583523016,1.0075575024258463,0.970070188600995,0.9675222037603428,0.9612752780401712,0.978015241724934,0.9527723895845311,0.9786786728249026,0.964185335040909,0.9895458904188593,1.0,20807.0
0.935898601920372,1.0064131690578089,0.9336473880764911,0.9621992147203812,1.0170651437927078,1.006528244238669,1.010055541990901,0.9720767411729332,0.9311182470015843,0.960162908035625,0.9522570759383127,1.0119477311046035,0.9697402759556684,0.970544750187422,0.9381866063265488,1.0133673822868612,1.0088098070201992,1.0069941277532648,0.9782115546275727,1.0131612706909272,1.00704526500031,0.9396676429818751,0.9622835583305368,0.9596207923816713,0.9823237476186819,0.9609777295009824,1.00601601528871,0.9649675345332489,0.937231872217134,0.93729927395497,0.9868291693355805,0.9317841941160656,0.9324443327353881,1.0059479414542498,0.982052995182358,0.9353664779282393,0.9437680518287274,1.0067343053770674,1.012903342634142,0.9821588798230012,0.9846738107309765,0.9394138457661502,0.9707455504639768,0.9875173010877347,0.9320641364965797,0.9559260979071569,1.0136076017565534,0.9683775595853694,0.9643880979000043,0.9574467698372353,0.966783866778082,0.9463763172012855,0.9768045519041777,0.960913388218522,0.9881401748278117,1.0,20801.0
0.9385267936895493,1.0030958394986953,0.9415029508877413,0.964868435615451,1.0067963519349086,1.0042227625785571,1.005249212911082,0.9768966156323762,0.9428318657315033,0.9659048841434383,0.9571846317402074,1.009325934898569,0.9801560721131019,0.9730722638695921,0.9409017608944217,1.0103060261542094,1.0056566248762475,1.0037319720054432,0.9809954242857204,1.0093821206925029,1.005091689479788,0.9425694921257259,0.9669612034498593,0.9624410797398671,0.9851928681062868,0.9661716185023866,1.0037278205611968,0.9693067739804337,0.9401668592358385,0.9397292345094481,0.988167733708423,0.9430524545966628,0.9434919668639126,1.0030233207404118,0.9849983335114654,0.93787892612516,0.951770069227236,1.0048986923043801,1.010106300848792,0.984689847016589,0.9888635338858852,0.9419055160142293,0.9790785034889651,0.9887050549131442,0.9431219971553559,0.9598566846785657,1.0104945200416466,0.971276013833937,0.967453939560925,0.9626566597891082,0.9804454971970161,0.9527707251397367,0.9792964309291112,0.9658901495805193,0.9896426575546124,1.0,23012.0
0.93339865739736,1.0011251279497582,0.9364075483762881,0.9626422529000692,1.0055367019069283,1.00231332139813,1.0032813834335903,0.9787887495997274,0.9383567676653223,0.9686547813336859,0.9537236828721969,1.0068048970845356,0.9819482729898489,0.9713859255349435,0.9352973276336694,1.0076240670750796,1.0033353829687897,1.0018191570568638,0.9813409184973454,1.0066567080292093,1.003913512985732,0.936168374773696,0.9701978834707409,0.960244786284404,0.9850205533661845,0.9688379817039419,1.0016880249779456,0.9721458905344963,0.934287556145554,0.9345146238976428,0.9868485553963006,0.9384223384216523,0.9389426753397796,1.00061080957644,0.9848973848077686,0.9284030598676115,0.9479578238982633,1.003590727728704,1.0070412704585348,0.9851059585832596,0.9890029315089364,0.9355134050983824,0.9808140594700905,0.9877954753839442,0.939072676790286,0.9627991012939652,1.0076895566288535,0.9696410705661835,0.9701737061378609,0.9653956215569183,0.9822895104441757,0.9488937484369173,0.9796683393153502,0.9685596887427772,0.9898209145555906,1.0,23013.0
0.9434261291929891,1.0026262446371215,0.9437639093745996,0.9666676697996767,1.0075171194779091,1.0037939644787268,1.0052697541025966,0.9685783136639471,0.9449917167113145,0.9600596059175457,0.959788303608191,1.0083876882225054,0.9741066363305291,0.9744479963596491,0.9456482177613479,1.009173150301231,1.0050762191192213,1.003727568873292,0.9771721999898035,1.008411165747338,1.0049313113550857,0.9467484259843011,0.9619702159756132,0.9644509933867458,0.981223681289623,0.9606599391915353,1.0033156629815734,0.9640114083111593,0.9449089787358795,0.944797094259346,0.9886972390110108,0.9454324312786202,0.9456753812206317,1.002436864757844,0.9813254474653744,0.9418970117513897,0.9545662395548214,1.004737789628957,1.0088430275189708,0.9813042607775658,0.986937245861288,0.9460365984993087,0.9730221079708303,0.9892929306312764,0.945369959427399,0.9548760596528921,1.0093176862869349,0.972563592824949,0.9621426568862799,0.9567763673423908,0.973850964789387,0.9555984072402764,0.9754548083978241,0.9602314351294227,0.987542309393733,1.0,23009.0
0.9419844207138713,0.9932853447869802,0.946063668032785,0.968224592355185,0.9991969905321969,0.9963616653859876,0.9962779109647141,0.978044331091001,0.9456456002264865,0.9675629271142379,0.960501321090904,0.9996562507001484,0.9793417090718306,0.9742698074771167,0.9443602172424401,1.000894814494361,0.9951062308062606,0.9948301425823706,0.9823132263849075,1.0003164183750282,0.9957876453698051,0.9464255298178272,0.9688748661116466,0.9663752280216796,0.9858614730406697,0.9673465043558203,0.9954833056193615,0.9710995648862533,0.943190276115052,0.9434735611348352,0.988593183503337,0.9458162697014982,0.9467493694617021,0.9879749040390994,0.9856734936681122,0.9420279429698232,0.9555430690863603,0.9913741839611111,1.0007474884383563,0.9853632150656089,0.9893631952600244,0.946255358374574,0.9788767234421966,0.989176453933773,0.946249822699847,0.9620607375602687,1.001591843643284,0.9713625354551751,0.9706125485769367,0.9648493025687922,0.9802482431000153,0.9563920604181925,0.9811192831139688,0.9672443809890805,0.990412692805008,1.0,20809.0
0.9407288133295819,0.9987671281363918,0.9428309569762965,0.9655365218178175,1.0026007857501578,1.00097886072986,1.0008516819925102,0.9775239905838885,0.9448974690530758,0.9673734128525402,0.9590450781133442,1.0045552093059609,0.9819503089534929,0.9737222906057508,0.9430702593871655,1.005404954472105,1.0007009646344198,0.9996403503228845,0.9812878341141017,1.004421493847697,1.0027101350966463,0.9452708445129592,0.9675900231621551,0.9637292783432273,0.9845240739637046,0.9674198690711237,1.000380112724009,0.9697802477796191,0.9420669770181678,0.9418391514600578,0.9879196498687346,0.9448382222226588,0.9452370521879468,0.9948436183045395,0.9846237924924063,0.9408386429980642,0.9538500786916614,1.002388846152381,1.0047554383334731,0.984789185729212,0.9891465160224662,0.9451097814486524,0.9806694774386069,0.98893022305429,0.9451917025449682,0.9608133654817415,1.0054158008880718,0.9721793581274797,0.9676707911653986,0.9641875202653676,0.9822767832911435,0.9547347123690206,0.9796927275422609,0.9671292503319885,0.9904876545430169,1.0,23014.0
0.9290430827770071,0.9975422280677245,0.9307237507959976,0.9588745643065111,1.0022065208749151,1.0013643052582464,1.0004123514589658,0.9878591602392044,0.9316110320729908,0.9793568142295145,0.9472676180925664,1.002803581948801,0.9908298587120322,0.9671095938244055,0.9315976745090935,1.0033720233978232,0.9999423812742767,0.9992538946358702,0.9875743565186211,1.002661048509727,1.0025684795866958,0.9321524421956275,0.9798952780345559,0.9564545790804078,0.9904985490287771,0.9792773485040331,1.0006953154310174,0.9816461209591837,0.9311687204783282,0.9303904080499197,0.9851488735547933,0.9312665663538838,0.9306612811946292,0.9969057890944285,0.9903648981780178,0.9241598173733158,0.9410665785281432,1.0022439510800338,1.0018886687548567,0.9904128882817693,0.9886571956755335,0.9320806714757235,0.9902088629567214,0.985970257153729,0.9315353694389983,0.9760676916921354,1.0028522178203914,0.9646318430105764,0.9807337032306565,0.976709555881577,0.9917184996346442,0.9431621157969351,0.9860990702572406,0.9789934278599127,0.991937800950151,1.0,17352.0
0.9432954866003135,0.9973278183726382,0.9447464122268168,0.9657811185563877,1.00250728662365,1.0011340167787914,1.0004528973843472,0.9744344406388181,0.9460004877802455,0.9625355206409114,0.9602426648012283,1.00352770806306,0.9761614302351084,0.9731464373498517,0.9458642031223075,1.0045375447505174,0.9993418730920136,0.9990693315398687,0.9794608065843806,1.0038770548276443,1.0030655489310358,0.9474680657644802,0.9637754656599925,0.9647080788700471,0.9814361447018439,0.962494468885108,1.0004625450074105,0.9666935414278628,0.9454390013885533,0.9446332829945572,0.9877486570630456,0.9458109771881528,0.9466357004252878,0.9920833596165534,0.9799818123132543,0.9432424845650278,0.9553074716393332,1.0027432560559275,1.0036076536181229,0.9826777796210879,0.9881978213913277,0.9473615633114566,0.976168821912739,0.9885767917219339,0.9465715921563965,0.956586894532261,1.0045636521730414,0.9705454456694458,0.9656527895153196,0.9597536743970708,0.9771501763643808,0.956231233770974,0.9781234048733295,0.9621923579038524,0.9897850941386311,1.0,17349.0
0.9393848328697232,0.9967514214704039,0.9431475699384917,0.9655617813242133,0.991653550303773,0.9992958173911114,0.9985437152830899,0.9755366689651475,0.9450773877141299,0.9652725706707503,0.9573696221920865,1.002642846111848,0.9780219553712954,0.9737139703669205,0.9417225937184096,1.0033562187742582,0.9994570760964967,0.9980250978831887,0.9811049989625561,1.0020452971016671,1.0009963499114436,0.9433618202688097,0.9666438190638396,0.9629678775781451,0.9852468990509886,0.9654652553944781,0.9989387889077954,0.9691776658191272,0.940979743336383,0.9407019673782544,0.9883905665250093,0.9452197280745698,0.9458957553088401,0.9969760977795621,0.9852257543528511,0.938140491426244,0.9492631239066516,1.0007180925182086,1.0028954245015058,0.9848607385582123,0.9890895659218873,0.9431530977353558,0.9737614106886602,0.9889961492117514,0.9456354494700203,0.9568237071164937,1.0034972760903444,0.9723948652947404,0.966921524459985,0.9623744464608377,0.9785629997341494,0.9523561423413882,0.9797976809895851,0.9651786807515034,0.9904691542269355,1.0,23103.0
0.932931212386222,1.0026788168776435,0.9360029615874641,0.9614535199193295,1.0083090051068087,1.0038649193079119,1.0056374298837072,0.9786315244201031,0.9360951897728087,0.9661406821267297,0.952472287906313,1.0106545742348205,0.9797586326306281,0.9700656050918472,0.9361644110857261,1.0119090009263563,1.006192698355373,1.004102681318288,0.9820860743041683,1.0113073142160827,1.0047264723310556,0.9380796798069196,0.9622618160405626,0.9592919241147091,0.9867376752551427,0.9662846920039891,1.0032283802501336,0.9695316891539048,0.9357100105922589,0.9347329466335145,0.9862338547455785,0.9361152085452153,0.9368757525339041,1.0033052069202233,0.9866034913159731,0.9339855261974178,0.9437704313845218,1.0044152347686133,1.0115284319199391,0.9862492968774419,0.9904219587700025,0.9378424348565353,0.979899384793138,0.9872270861867706,0.936508160355553,0.9602904014690204,1.0122147190518378,0.9676320581466699,0.968424021006644,0.9634032775823788,0.980076708503492,0.9469012816666461,0.9808369256139999,0.9658986860373917,0.9911781505701591,1.0,17346.0
0.9513959831520417,0.9893575233936694,0.9527499090942845,0.9733195852056765,0.9952607602210163,0.9963109168057959,0.9932023832536324,0.9731273659553809,0.9529959624877974,0.9625056639708834,0.9664388067866705,0.995169672885702,0.9743644504442849,0.9788367401289436,0.9540616165729893,0.9957432719773798,0.9916513249498782,0.9921645892092135,0.9738486017926382,0.9948569636566166,0.9944163042342898,0.9553655025047793,0.9634592194010442,0.9707446400809776,0.980486925519323,0.9628014788465205,0.9957320971961795,0.9658233855056447,0.9534173034457412,0.9530664560598259,0.9902389882799661,0.9529337429673465,0.9535179445465537,0.9845285107897433,0.9803304786190978,0.9514601346549894,0.9602689159815798,0.989370984438573,0.9949646365526824,0.980648730676792,0.9874647176306494,0.9551839509619996,0.974202848612722,0.9908974985870057,0.9532908088864707,0.9595263805642482,0.9956917599966393,0.9767890671113874,0.9648984692601447,0.959709754021312,0.9754960695564623,0.9622889608140176,0.9683083033443978,0.9628212630455184,0.988495724429602,1.0,17341.0
0.9349749060046154,1.0059545774114484,0.9352548134114186,0.9628424739820469,1.0117316176285993,1.0053637341247124,1.0089030861946797,0.9680708592114523,0.9363134820139873,0.9571242521700195,0.9529476805065411,1.0124320217177587,0.9665175044436566,0.971459374090802,0.9371227905779262,1.013415878615651,1.0088194548304845,1.0067316412652447,0.9767815999195677,1.0121255778999165,1.0063425511465633,0.9382907867627246,0.9587745808795843,0.9597869540906682,0.9814934742927891,0.9573384595577588,1.0050030197555018,0.9619439253589059,0.9365329304411231,0.936292633009438,0.9874928176928558,0.936554215433691,0.9366240468624284,1.006371177102031,0.981550050753072,0.9329719893423501,0.9443770840249989,1.006066405008401,1.0129345950091286,0.9810460605035581,0.9871161617905935,0.9380660592348875,0.9665743740394823,0.9880998799487134,0.9363380361210117,0.9461575790185912,1.0135612523954602,0.9700877359047964,0.9595432015114594,0.954448214242152,0.9691469879215451,0.9471865047055782,0.9754717135062284,0.9568937919608853,0.9886107012070986,1.0,23102.0
0.9326212528967867,1.0085352937862548,0.9367134977108117,0.9619786385748403,1.0155531660605432,1.0077104747106316,1.01158927436779,0.9662651499632614,0.9363718604918511,0.951411574324354,0.9532287711294521,1.0171286640558062,0.9658203727058198,0.9704681888276654,0.935517952746732,1.018881327495637,1.0118939960043183,1.0094701658792729,0.9737500100703637,1.0186722802140296,1.008479251903815,0.9364886939640036,0.9498309702536393,0.9599385522020979,0.9788787560900319,0.9515761231056385,1.0071756148203526,0.9567315569812118,0.9350556413235039,0.9343352323565154,0.9867200605203856,0.9365683329935721,0.9372697941508832,1.0090080767085852,0.978755211150766,0.930271462326617,0.9475402539633673,1.0081692545373264,1.0185285827981119,0.9785393714725609,0.9830341605990038,0.936237216777242,0.9656735185502106,0.9874289412977318,0.937048821650256,0.9420074028713273,1.0192305677388198,0.9683142158784955,0.9556607532094206,0.9486040193451997,0.965144133938897,0.9484215095492976,0.972426684919606,0.9513670541064586,0.9861433827725169,1.0,17345.0
0.9227766822781381,0.9977833968975303,0.930041541023558,0.958656191814954,1.0019057567269216,1.0011669463948332,1.0010452851489744,0.9904018667843055,0.932680913199282,0.9829455265076679,0.9481258177035042,1.0045365229932688,0.9950828934576748,0.9677461489011636,0.9279892991775893,1.005308995648512,1.0014478601526324,1.0000580872108793,0.9896276598221024,1.004529749309445,1.0029003990013172,0.9308739117193972,0.9829135480861995,0.9566632685277282,0.9921829620286492,0.9844175483646487,1.0005480672311449,0.9842628043886006,0.9272469632373709,0.9225585976989747,0.9854400772529341,0.9322927237504255,0.9322327607159263,0.9993666116016726,0.9922309376623886,0.9246814401522807,0.9398158528785148,1.002584161438519,1.0040295341677206,0.9926486410891417,0.9907378560048717,0.9307505109174123,0.9942200846399998,0.9861814445536089,0.9328783299628352,0.9763601637022082,1.0049947202597505,0.966112075092729,0.9819098144278984,0.9803215580387759,0.9954851308541699,0.9424561445353751,0.9881854740202967,0.9841705174912821,0.9935838386269968,1.0,17544.0
0.924938242618184,1.0050762533306457,0.9333023918476715,0.9597318941244318,1.0095496407386684,1.0070786176468354,1.0074302669116841,0.9798775711738703,0.9334515724263649,0.9742664055298543,0.9484406294668275,1.0112894713863745,0.9806072427630819,0.9686892880792692,0.9292236311934742,1.0121865881648573,1.0077634664159223,1.0062476577991681,0.9794128713206023,1.0114265461838736,1.0069578352530095,0.9321765194665058,0.9734488933319709,0.9565608888298986,0.9854482589363456,0.9756601107192183,1.0066509574376892,0.9749696601403975,0.9285384310712054,0.923602578653033,0.9862456442250488,0.934662167141478,0.9349524866356604,1.005558161851474,0.9852384968867978,0.9278633051686941,0.9416515407932298,1.0067670902371004,1.011839079071121,0.9853629021280707,0.9894546739781013,0.9318658745951163,0.9812118928168175,0.9868208761271425,0.9346841032132281,0.9672795801545787,1.0122341319264128,0.9667714237502574,0.9727686605820748,0.9714891728100015,0.9821108714656703,0.9439229535330902,0.9738842167043359,0.9752431004831538,0.9902498008617525,1.0,17538.0
0.9353104596094565,1.0000325531875847,0.9410602403402186,0.9645788208100055,1.003393343404655,1.0016564671669388,1.002097704404693,0.9814534526673544,0.9420413362186605,0.9722469484878086,0.9565088648464071,1.0055367738582124,0.9855269078757712,0.9731447940297989,0.937276666019545,1.0061045876105965,1.0023308900854766,1.0010871162471415,0.9838902480180967,1.0048187356960492,1.0030799781798567,0.9395334881716245,0.9731232972141572,0.9622719619369042,0.9873493994744824,0.9727762907492392,1.0012185120281527,0.9749040115492483,0.9344407000870045,0.9366485858496225,0.9878234054003907,0.9427934659597259,0.9426912818332089,0.9997754751010922,0.9874077628369424,0.9342624025581132,0.9510058631922116,1.0028943868940063,1.0054750143161553,0.9874683238303315,0.9906833301215854,0.9389122884314789,0.9842863886164563,0.9885667665411285,0.9424277005025486,0.966840541111232,1.0061521053216866,0.9711619029252191,0.9728113045932559,0.9691841140492923,0.9857136269690577,0.9520256719665634,0.9824693594651258,0.9721882891402848,0.9920146990445159,1.0,23005.0
0.9408212588425522,0.9996257230472915,0.94202883384583,0.9661070987191294,1.0059529432251813,1.0013514423119194,1.002162633294792,0.9737930405279501,0.9427414238895093,0.9600650293660136,0.958055594493365,1.0060515340154947,0.9755241317470261,0.9735329529278617,0.9430211079679468,1.007458615846838,1.0011886930989773,1.0006001550840242,0.9791197291990844,1.0066932514165585,1.0029160274183475,0.9451377608183581,0.9627690531423891,0.9644405246863949,0.982583204304332,0.9605614354829878,1.0006310293778211,0.9651983788847764,0.9421612824109568,0.9419161475267774,0.988032975817606,0.9423449543287159,0.9426326370161475,0.9948606081652664,0.9826846135432122,0.9411786603377945,0.9508008118764478,1.002600644185265,1.0072954801922402,0.9826294412252331,0.9877953913330063,0.9449725034535131,0.9748285755275227,0.988734632661703,0.94284550189412,0.9540565990782447,1.0081107701725949,0.9720001248396192,0.9633789161442309,0.9570291262269147,0.9743268851414384,0.9532344572991408,0.9777914688545313,0.9602827135338784,0.9886482502131039,1.0,17545.0
